Pin Name,Pin,Sub Part
IO_L1N_VREF_0 ,A4,1
IO_L2P_0 ,B5,1
IO_L2N_0 ,A5,1
IO_L3P_0 ,D5,1
IO_L3N_0 ,C5,1
IO_L4P_0 ,B6,1
IO_L4N_0 ,A6,1
IO_L5P_0 ,F7,1
IO_L5N_0 ,E6,1
IO_L6P_0 ,C7,1
IO_L6N_0 ,A7,1
IO_L7P_0 ,D6,1
IO_L7N_0 ,C6,1
IO_L33P_0 ,B8,1
IO_L33N_0 ,A8,1
IO_L34P_GCLK19_0 ,C9,1
IO_L34N_GCLK18_0 ,A9,1
IO_L35P_GCLK17_0 ,B10,1
IO_L35N_GCLK16_0 ,A10,1
IO_L36P_GCLK15_0 ,E7,1
IO_L36N_GCLK14_0 ,E8,1
IO_L37P_GCLK13_0 ,E10,1
IO_L37N_GCLK12_0 ,C10,1
IO_L38P_0 ,D8,1
IO_L38N_VREF_0 ,C8,1
IO_L39P_0 ,C11,1
IO_L39N_0 ,A11,1
IO_L40P_0 ,F9,1
IO_L40N_0 ,D9,1
IO_L62P_0 ,B12,1
IO_L62N_VREF_0 ,A12,1
IO_L63P_SCP7_0 ,C13,1
IO_L63N_SCP6_0 ,A13,1
IO_L64P_SCP5_0 ,F10,1
IO_L64N_SCP4_0 ,E11,1
IO_L65P_SCP3_0 ,B14,1
IO_L65N_SCP2_0 ,A14,1
IO_L66P_SCP1_0 ,D11,1
IO_L66N_SCP0_0 ,D12,1
IO_L1P_A25_1 ,E13,2
IO_L1N_A24_VREF_1 ,E12,2
IO_L29P_A23_M1A13_1 ,B15,2
IO_L29N_A22_M1A14_1 ,B16,2
IO_L30P_A21_M1RESET_1 ,F12,2
IO_L30N_A20_M1A11_1 ,G11,2
IO_L31P_A19_M1CKE_1 ,D14,2
IO_L31N_A18_M1A12_1 ,D16,2
IO_L32P_A17_M1A8_1 ,F13,2
IO_L32N_A16_M1A9_1 ,F14,2
IO_L33P_A15_M1A10_1 ,C15,2
IO_L33N_A14_M1A4_1 ,C16,2
IO_L34P_A13_M1WE_1 ,E15,2
IO_L34N_A12_M1BA2_1 ,E16,2
IO_L35P_A11_M1A7_1 ,F15,2
IO_L35N_A10_M1A2_1 ,F16,2
IO_L36P_A9_M1BA0_1 ,G14,2
IO_L36N_A8_M1BA1_1 ,G16,2
IO_L37P_A7_M1A0_1 ,H15,2
IO_L37N_A6_M1A1_1 ,H16,2
IO_L38P_A5_M1CLK_1 ,G12,2
IO_L38N_A4_M1CLKN_1 ,H11,2
IO_L39P_M1A3_1 ,H13,2
IO_L39N_M1ODT_1 ,H14,2
IO_L40P_GCLK11_M1A5_1 ,J11,2
IO_L40N_GCLK10_M1A6_1 ,J12,2
IO_L41P_GCLK9_IRDY1_M1RASN_1 ,J13,2
IO_L41N_GCLK8_M1CASN_1 ,K14,2
IO_L42P_GCLK7_M1UDM_1 ,K12,2
IO_L42N_GCLK6_TRDY1_M1LDM_1 ,K11,2
IO_L43P_GCLK5_M1DQ4_1 ,J14,2
IO_L43N_GCLK4_M1DQ5_1 ,J16,2
IO_L44P_A3_M1DQ6_1 ,K15,2
IO_L44N_A2_M1DQ7_1 ,K16,2
IO_L45P_A1_M1LDQS_1 ,N14,2
IO_L45N_A0_M1LDQSN_1 ,N16,2
IO_L46P_FCS_B_M1DQ2_1 ,M15,2
IO_L46N_FOE_B_M1DQ3_1 ,M16,2
IO_L47P_FWE_B_M1DQ0_1 ,L14,2
IO_L47N_LDC_M1DQ1_1 ,L16,2
IO_L48P_HDC_M1DQ8_1 ,P15,2
IO_L48N_M1DQ9_1 ,P16,2
IO_L49P_M1DQ10_1 ,R15,2
IO_L49N_M1DQ11_1 ,R16,2
IO_L50P_M1UDQS_1 ,R14,2
IO_L50N_M1UDQSN_1 ,T15,2
IO_L51P_M1DQ12_1 ,T14,2
IO_L51N_M1DQ13_1 ,T13,2
IO_L52P_M1DQ14_1 ,R12,2
IO_L52N_M1DQ15_1 ,T12,2
IO_L53P_1 ,L12,2
IO_L53N_VREF_1 ,L13,2
IO_L74P_AWAKE_1 ,M13,2
IO_L2P_CMPCLK_2 ,M12,3
IO_L2N_CMPMOSI_2 ,M11,3
IO_L13N_D10_2 ,P11,3
IO_L14P_D11_2 ,N9,3
IO_L14N_D12_2 ,P9,3
IO_L23P_2 ,R9,3
IO_L23N_2 ,T9,3
IO_L16P_2 ,L10,3
IO_L16N_VREF_2 ,M10,3
IO_L29P_GCLK3_2 ,M9,3
IO_L29N_GCLK2_2 ,N8,3
IO_L30P_GCLK1_D13_2 ,P8,3
IO_L30N_GCLK0_USERCCLK_2 ,T8,3
IO_L31P_GCLK31_D14_2 ,P7,3
IO_L31N_GCLK30_D15_2 ,M7,3
IO_L32P_GCLK29_2 ,R7,3
IO_L32N_GCLK28_2 ,T7,3
IO_L47P_2 ,P6,3
IO_L47N_2 ,T6,3
IO_L48P_D7_2 ,R5,3
IO_L48N_RDWR_B_VREF_2 ,T5,3
IO_L49P_D3_2 ,N5,3
IO_L49N_D4_2 ,P5,3
IO_L62P_D5_2 ,L8,3
IO_L62N_D6_2 ,L7,3
IO_L63P_2 ,P4,3
IO_L63N_2 ,T4,3
IO_L64P_D8_2 ,M6,3
IO_L64N_D9_2 ,N6,3
IO_L1P_3 ,M4,4
IO_L1N_VREF_3 ,M3,4
IO_L2P_3 ,M5,4
IO_L2N_3 ,N4,4
IO_L32P_M3DQ14_3 ,R2,4
IO_L32N_M3DQ15_3 ,R1,4
IO_L33P_M3DQ12_3 ,P2,4
IO_L33N_M3DQ13_3 ,P1,4
IO_L34P_M3UDQS_3 ,N3,4
IO_L34N_M3UDQSN_3 ,N1,4
IO_L35P_M3DQ10_3 ,M2,4
IO_L35N_M3DQ11_3 ,M1,4
IO_L36P_M3DQ8_3 ,L3,4
IO_L36N_M3DQ9_3 ,L1,4
IO_L37P_M3DQ0_3 ,K2,4
IO_L37N_M3DQ1_3 ,K1,4
IO_L38P_M3DQ2_3 ,J3,4
IO_L38N_M3DQ3_3 ,J1,4
IO_L39P_M3LDQS_3 ,H2,4
IO_L39N_M3LDQSN_3 ,H1,4
IO_L40P_M3DQ6_3 ,G3,4
IO_L40N_M3DQ7_3 ,G1,4
IO_L41P_GCLK27_M3DQ4_3 ,F2,4
IO_L41N_GCLK26_M3DQ5_3 ,F1,4
IO_L42P_GCLK25_TRDY2_M3UDM_3 ,K3,4
IO_L42N_GCLK24_M3LDM_3 ,J4,4
IO_L43P_GCLK23_M3RASN_3 ,J6,4
IO_L43N_GCLK22_IRDY2_M3CASN_3 ,H5,4
IO_L44P_GCLK21_M3A5_3 ,H4,4
IO_L44N_GCLK20_M3A6_3 ,H3,4
IO_L45P_M3A3_3 ,L4,4
IO_L45N_M3ODT_3 ,L5,4
IO_L46P_M3CLK_3 ,E2,4
IO_L46N_M3CLKN_3 ,E1,4
IO_L47P_M3A0_3 ,K5,4
IO_L47N_M3A1_3 ,K6,4
IO_L48P_M3BA0_3 ,C3,4
IO_L48N_M3BA1_3 ,C2,4
IO_L49P_M3A7_3 ,D3,4
IO_L49N_M3A2_3 ,D1,4
IO_L50P_M3WE_3 ,C1,4
IO_L50N_M3BA2_3 ,B1,4
IO_L51P_M3A10_3 ,G6,4
IO_L51N_M3A4_3 ,G5,4
IO_L52P_M3A8_3 ,B2,4
IO_L52N_M3A9_3 ,A2,4
IO_L53P_M3CKE_3 ,F4,4
IO_L53N_M3A12_3 ,F3,4
IO_L54P_M3RESET_3 ,E4,4
IO_L54N_M3A11_3 ,E3,4
IO_L55P_M3A13_3 ,F6,4
IO_L55N_M3A14_3 ,F5,4
IO_L83P_3 ,B3,4
IO_L83N_VREF_3 ,A3,4
GND ,A1,5
GND ,A16,5
GND ,B11,5
GND ,B7,5
GND ,D13,5
GND ,D4,5
GND ,E9,5
GND ,G15,5
GND ,G2,5
GND ,G8,5
GND ,H12,5
GND ,H7,5
GND ,H9,5
GND ,J5,5
GND ,J8,5
GND ,K7,5
GND ,K9,5
GND ,L15,5
GND ,L2,5
GND ,M8,5
GND ,N13,5
GND ,P3,5
GND ,R10,5
GND ,R6,5
GND ,T1,5
GND ,T16,5
VCCAUX ,E5,5
VCCAUX ,F11,5
VCCAUX ,F8,5
VCCAUX ,G10,5
VCCAUX ,H6,5
VCCAUX ,J10,5
VCCAUX ,L6,5
VCCAUX ,L9,5
VCCINT ,G7,5
VCCINT ,G9,5
VCCINT ,H10,5
VCCINT ,H8,5
VCCINT ,J7,5
VCCINT ,J9,5
VCCINT ,K10,5
VCCINT ,K8,5
VCCO_0 ,B13,5
VCCO_0 ,B4,5
VCCO_0 ,B9,5
VCCO_0 ,D10,5
VCCO_0 ,D7,5
VCCO_1 ,D15,5
VCCO_1 ,G13,5
VCCO_1 ,J15,5
VCCO_1 ,K13,5
VCCO_1 ,N15,5
VCCO_1 ,R13,5
VCCO_2 ,N10,5
VCCO_2 ,N7,5
VCCO_2 ,R4,5
VCCO_2 ,R8,5
VCCO_3 ,D2,5
VCCO_3 ,G4,5
VCCO_3 ,J2,5
VCCO_3 ,K4,5
VCCO_3 ,N2,5
IO_L1P_HSWAPEN_0 ,C4,6
TCK ,C14,6
TDI ,C12,6
TMS ,A15,6
TDO ,E14,6
IO_L74N_DOUT_BUSY_1 ,M14,6
SUSPEND ,P14,6
CMPCS_B_2 ,L11,6
DONE_2 ,P13,6
IO_L1P_CCLK_2 ,R11,6
IO_L1N_M0_CMPMISO_2 ,T11,6
IO_L3P_D0_DIN_MISO_MISO1_2 ,P10,6
IO_L3N_MOSI_CSI_B_MISO0_2 ,T10,6
IO_L12P_D1_MISO2_2 ,N12,6
IO_L12N_D2_MISO3_2 ,P12,6
IO_L13P_M1_2 ,N11,6
IO_L65P_INIT_B_2 ,R3,6
IO_L65N_CSO_B_2 ,T3,6
PROGRAM_B_2 ,T2,6
